strain,chr,pos,genotype_012
C57BL/6J,chr8,123407122,0
BALB/cJ,chr8,123407122,0
C57BL/6J,chr8,123407298,0
BALB/cJ,chr8,123407298,0
C57BL/6J,chr8,123407329,0
BALB/cJ,chr8,123407329,0
C57BL/6J,chr8,123407356,0
BALB/cJ,chr8,123407356,0
C57BL/6J,chr8,123407379,0
BALB/cJ,chr8,123407379,0
C57BL/6J,chr8,123407434,0
BALB/cJ,chr8,123407434,0
C57BL/6J,chr8,123407482,0
BALB/cJ,chr8,123407482,0
C57BL/6J,chr8,123407560,0
BALB/cJ,chr8,123407560,0
C57BL/6J,chr8,123407618,0
BALB/cJ,chr8,123407618,0
C57BL/6J,chr8,123407644,0
BALB/cJ,chr8,123407644,0
C57BL/6J,chr8,123407647,0
BALB/cJ,chr8,123407647,0
C57BL/6J,chr8,123407715,0
BALB/cJ,chr8,123407715,0
C57BL/6J,chr8,123407716,0
BALB/cJ,chr8,123407716,0
C57BL/6J,chr8,123407764,0
BALB/cJ,chr8,123407764,0
C57BL/6J,chr8,123407811,0
BALB/cJ,chr8,123407811,0
C57BL/6J,chr8,123407815,0
BALB/cJ,chr8,123407815,0
C57BL/6J,chr8,123407816,0
BALB/cJ,chr8,123407816,0
C57BL/6J,chr8,123407840,0
BALB/cJ,chr8,123407840,0
C57BL/6J,chr8,123407890,0
BALB/cJ,chr8,123407890,0
C57BL/6J,chr8,123407938,0
BALB/cJ,chr8,123407938,0
C57BL/6J,chr8,123407983,0
BALB/cJ,chr8,123407983,0
C57BL/6J,chr8,123407988,0
BALB/cJ,chr8,123407988,0
C57BL/6J,chr8,123408064,0
BALB/cJ,chr8,123408064,0
C57BL/6J,chr8,123408096,0
BALB/cJ,chr8,123408096,0
C57BL/6J,chr8,123408114,0
BALB/cJ,chr8,123408114,0
C57BL/6J,chr8,123408115,0
BALB/cJ,chr8,123408115,0
C57BL/6J,chr8,123408124,0
BALB/cJ,chr8,123408124,0
C57BL/6J,chr8,123408125,0
BALB/cJ,chr8,123408125,0
C57BL/6J,chr8,123408210,0
BALB/cJ,chr8,123408210,0
C57BL/6J,chr8,123408333,0
BALB/cJ,chr8,123408333,0
C57BL/6J,chr8,123408372,0
BALB/cJ,chr8,123408372,0
C57BL/6J,chr8,123408419,0
BALB/cJ,chr8,123408419,0
C57BL/6J,chr8,123408467,0
BALB/cJ,chr8,123408467,0
C57BL/6J,chr8,123408474,0
BALB/cJ,chr8,123408474,0
C57BL/6J,chr8,123408489,0
BALB/cJ,chr8,123408489,0
C57BL/6J,chr8,123408569,0
BALB/cJ,chr8,123408569,0
C57BL/6J,chr8,123408583,0
BALB/cJ,chr8,123408583,0
C57BL/6J,chr8,123408592,0
BALB/cJ,chr8,123408592,0
C57BL/6J,chr8,123408647,0
BALB/cJ,chr8,123408647,0
C57BL/6J,chr8,123408650,0
BALB/cJ,chr8,123408650,0
C57BL/6J,chr8,123408743,0
BALB/cJ,chr8,123408743,0
C57BL/6J,chr8,123408767,0
BALB/cJ,chr8,123408767,0
C57BL/6J,chr8,123408846,0
BALB/cJ,chr8,123408846,0
C57BL/6J,chr8,123408859,0
BALB/cJ,chr8,123408859,0
C57BL/6J,chr8,123408868,0
BALB/cJ,chr8,123408868,0
C57BL/6J,chr8,123408879,0
BALB/cJ,chr8,123408879,0
C57BL/6J,chr8,123408888,0
BALB/cJ,chr8,123408888,0
C57BL/6J,chr8,123408930,0
BALB/cJ,chr8,123408930,0
C57BL/6J,chr8,123409003,0
BALB/cJ,chr8,123409003,0
C57BL/6J,chr8,123409104,0
BALB/cJ,chr8,123409104,0
C57BL/6J,chr8,123409171,0
BALB/cJ,chr8,123409171,0
C57BL/6J,chr8,123409213,0
BALB/cJ,chr8,123409213,0
C57BL/6J,chr8,123409216,0
BALB/cJ,chr8,123409216,0
C57BL/6J,chr8,123409246,0
BALB/cJ,chr8,123409246,0
C57BL/6J,chr8,123409256,0
BALB/cJ,chr8,123409256,0
C57BL/6J,chr8,123409267,0
BALB/cJ,chr8,123409267,0
C57BL/6J,chr8,123409270,0
BALB/cJ,chr8,123409270,0
C57BL/6J,chr8,123409445,0
BALB/cJ,chr8,123409445,0
C57BL/6J,chr8,123409528,0
BALB/cJ,chr8,123409528,0
C57BL/6J,chr8,123409638,0
BALB/cJ,chr8,123409638,0
C57BL/6J,chr8,123409655,0
BALB/cJ,chr8,123409655,0
C57BL/6J,chr8,123409664,0
BALB/cJ,chr8,123409664,0
C57BL/6J,chr8,123409723,0
BALB/cJ,chr8,123409723,0
C57BL/6J,chr8,123409728,0
BALB/cJ,chr8,123409728,0
C57BL/6J,chr8,123409770,0
BALB/cJ,chr8,123409770,0
C57BL/6J,chr8,123409778,0
BALB/cJ,chr8,123409778,0
C57BL/6J,chr8,123409891,0
BALB/cJ,chr8,123409891,0
C57BL/6J,chr8,123409896,0
BALB/cJ,chr8,123409896,0
C57BL/6J,chr8,123409923,0
BALB/cJ,chr8,123409923,0
C57BL/6J,chr8,123409946,0
BALB/cJ,chr8,123409946,0
C57BL/6J,chr8,123410000,0
BALB/cJ,chr8,123410000,0
C57BL/6J,chr8,123410025,0
BALB/cJ,chr8,123410025,0
C57BL/6J,chr8,123410042,0
BALB/cJ,chr8,123410042,0
C57BL/6J,chr8,123410049,0
BALB/cJ,chr8,123410049,0
C57BL/6J,chr8,123410062,0
BALB/cJ,chr8,123410062,0
C57BL/6J,chr8,123410071,0
BALB/cJ,chr8,123410071,0
C57BL/6J,chr8,123410201,0
BALB/cJ,chr8,123410201,0
C57BL/6J,chr8,123410302,0
BALB/cJ,chr8,123410302,0
C57BL/6J,chr8,123410372,0
BALB/cJ,chr8,123410372,0
C57BL/6J,chr8,123410495,0
BALB/cJ,chr8,123410495,0
C57BL/6J,chr8,123410501,0
BALB/cJ,chr8,123410501,0
C57BL/6J,chr8,123410561,0
BALB/cJ,chr8,123410561,0
C57BL/6J,chr8,123410625,0
BALB/cJ,chr8,123410625,0
